{"cameraMode":{"drawMode":0,"name":"Shaded","section":"Shading Mode"},"sceneLighting":true,"audioPlay":false,"sceneViewState":{"m_AlwaysRefresh":false,"showFog":true,"showSkybox":true,"showFlares":true,"showImageEffects":true,"showParticleSystems":true,"showVisualEffectGraphs":true,"m_FxEnabled":true},"in2DMode":false,"pivot":{"x":-1.2746710777282715,"y":3.270163059234619,"z":-2.439035654067993},"rotation":{"x":0.14634975790977479,"y":0.8530547618865967,"z":-0.37177473306655886,"w":0.33578044176101687},"size":4.775210380554199,"orthographic":true}